<!-- <?xml version="1.0" encoding="UTF-8"?>
<beans:beans xmlns="http://www.springframework.org/schema/security"  
    xmlns:beans="http://www.springframework.org/schema/beans"  
    xmlns:xsi="http://www.w3.org/2001/XMLSchema-instance"  
    xsi:schemaLocation="http://www.springframework.org/schema/beans  
    http://www.springframework.org/schema/beans/spring-beans.xsd  
    http://www.springframework.org/schema/security  
    http://www.springframework.org/schema/security/spring-security.xsd">  
      <http auto-config="true">
 
 <intercept-url pattern="/**" access="hasRole('USER')" />
 <form-login login-page="/homepage"/>
 <csrf disabled="false" />
    </http>
 
    <authentication-manager>
        <authentication-provider>
            <user-service>
                <user name="user" password="nimda" authorities="ROLE_USER" />
            </user-service>
        </authentication-provider>
    </authentication-manager>
 
</beans:beans> -->
